Ad clicked Date,Ad Title/Id
2024/08/24 03:57:28 UTC,406972674
2024/08/24 03:57:28 UTC,406972674
2024/08/24 03:57:28 UTC,406972674
2024/08/24 03:57:28 UTC,406972674
2024/08/24 03:57:28 UTC,406972674
2024/08/24 03:57:28 UTC,406972674
2024/08/24 03:57:28 UTC,406972674
2024/08/24 03:57:28 UTC,406972674
2024/08/24 03:57:28 UTC,406972674
2024/08/24 03:57:28 UTC,406972674
2024/08/24 03:57:28 UTC,406972674
2024/08/24 03:57:28 UTC,406972674
2024/08/24 03:57:28 UTC,406972674
2024/08/24 03:57:28 UTC,406972674
2024/08/24 03:57:28 UTC,406972674
2024/08/24 03:57:28 UTC,406972674
2024/08/24 03:57:28 UTC,406972674
2024/08/24 03:57:28 UTC,406972674
2024/08/24 03:57:28 UTC,406972674
